Minutes,Time,amazon0,amazon1,amazon2
0,2021/12/21 16:30:01,1.486825,1.481186,1.489242
5,2021/12/21 16:35:01,1.477963,1.479574,1.484408
10,2021/12/21 16:40:01,1.468295,1.465072,1.473935
15,2021/12/21 16:45:01,1.458627,1.447347,1.4691
20,2021/12/21 16:50:01,1.448958,1.447347,1.457015
25,2021/12/21 16:55:01,1.440851,1.431183,1.447347
30,2021/12/21 17:00:01,1.4336,1.432795,1.441657
35,2021/12/21 17:05:01,1.42796,1.424738,1.436017
40,2021/12/21 17:10:01,1.42071,1.42071,1.428766
45,2021/12/21 17:15:01,1.41507,1.418292,1.423126
50,2021/12/21 17:20:01,1.411041,1.408624,1.40943
55,2021/12/21 17:25:01,1.407013,1.40379,1.412653
60,2021/12/21 17:30:01,1.402179,1.398956,1.407819
65,2021/12/21 17:35:01,1.398151,1.394122,1.405402
70,2021/12/21 17:40:01,1.397345,1.390094,1.401373
75,2021/12/21 17:45:01,1.390094,1.390899,1.395733
80,2021/12/21 17:50:01,1.386065,1.384454,1.388482
85,2021/12/21 17:55:01,1.382843,1.380426,1.390899
90,2021/12/21 18:00:01,1.37962,1.375592,1.387677
95,2021/12/21 18:05:01,1.376397,1.377203,1.384454
100,2021/12/21 18:10:01,1.373175,1.369952,1.381231
105,2021/12/21 18:15:01,1.374786,1.367535,1.378009
110,2021/12/21 18:20:01,1.369952,1.364312,1.374786
115,2021/12/21 18:25:01,1.357061,1.362701,1.373175
120,2021/12/21 18:30:01,1.362701,1.361089,1.369952
125,2021/12/21 18:35:01,1.353033,1.356255,1.369146
130,2021/12/21 18:40:01,1.34981,1.353838,1.365924
135,2021/12/21 18:45:01,1.35545,1.352227,1.363506
140,2021/12/21 18:50:01,1.347393,1.34981,1.361895
145,2021/12/21 18:55:01,1.350616,1.337725,1.361895
150,2021/12/21 19:00:01,1.348199,1.344976,1.357061
155,2021/12/21 19:05:01,1.348199,1.334502,1.354644
160,2021/12/21 19:10:01,1.335308,1.342559,1.352227
165,2021/12/21 19:15:01,1.343365,1.342559,1.349004
170,2021/12/21 19:20:01,1.332891,1.337725,1.348199
175,2021/12/21 19:25:01,1.338531,1.334502,1.344976
180,2021/12/21 19:30:01,1.329668,1.330474,1.34417
185,2021/12/21 19:35:01,1.335308,1.332085,1.34417
190,2021/12/21 19:40:01,1.332085,1.328862,1.340948
195,2021/12/21 19:45:01,1.332891,1.329668,1.339336
200,2021/12/21 19:50:01,1.330474,1.328057,1.337725
205,2021/12/21 19:55:01,1.330474,1.328057,1.337725
210,2021/12/21 20:00:01,1.332085,1.324834,1.336113
215,2021/12/21 20:05:01,1.328862,1.32564,1.332085
220,2021/12/21 20:10:01,1.316777,1.323223,1.332085
225,2021/12/21 20:15:01,1.326445,1.321611,1.331279
230,2021/12/21 20:20:01,1.313555,1.32,1.330474
235,2021/12/21 20:25:01,1.32,1.318389,1.328057
240,2021/12/21 20:30:01,1.32,1.317583,1.326445
245,2021/12/21 20:35:01,1.318389,1.315972,1.326445
250,2021/12/21 20:40:01,1.319194,1.315166,1.32564
255,2021/12/21 20:45:01,1.317583,1.318389,1.324028
260,2021/12/21 20:50:01,1.31436,1.311943,1.323223
265,2021/12/21 20:55:02,1.31436,1.316777,1.322417
270,2021/12/21 21:00:02,1.31436,1.311138,1.312749
275,2021/12/21 21:05:02,1.311138,1.309526,1.32
280,2021/12/21 21:10:02,1.311138,1.313555,1.319194
285,2021/12/21 21:15:02,1.313555,1.307915,1.307109
290,2021/12/21 21:20:02,1.30872,1.306304,1.317583
295,2021/12/21 21:25:02,1.307109,1.305498,1.317583
300,2021/12/21 21:30:02,1.305498,1.306304,1.316777
305,2021/12/21 21:35:02,1.305498,1.303886,1.31436
310,2021/12/21 21:40:02,1.30872,1.303081,1.311943
315,2021/12/21 21:45:02,1.304692,1.302275,1.312749
320,2021/12/21 21:50:02,1.295024,1.300664,1.311943
325,2021/12/21 21:55:02,1.303081,1.291801,1.310332
330,2021/12/21 22:00:02,1.299858,1.299052,1.299858
335,2021/12/21 22:05:02,1.299052,1.300664,1.30872
340,2021/12/21 22:10:02,1.29019,1.299858,1.307109
345,2021/12/21 22:15:02,1.297441,1.297441,1.306304
350,2021/12/21 22:20:02,1.297441,1.295024,1.306304
355,2021/12/21 22:25:02,1.289384,1.294218,1.306304
360,2021/12/21 22:30:02,1.294218,1.292607,1.303886
365,2021/12/21 22:35:02,1.297441,1.292607,1.303081
370,2021/12/21 22:40:02,1.293413,1.292607,1.290996
375,2021/12/21 22:45:02,1.292607,1.290996,1.301469
380,2021/12/21 22:50:02,1.291801,1.290996,1.299858
385,2021/12/21 22:55:02,1.289384,1.289384,1.300664
390,2021/12/21 23:00:02,1.287773,1.281327,1.299858
395,2021/12/21 23:05:02,1.288579,1.286967,1.300664
400,2021/12/21 23:10:02,1.286967,1.286967,1.29583
405,2021/12/21 23:15:02,1.286162,1.286162,1.297441
410,2021/12/21 23:20:02,1.28455,1.28455,1.287773
415,2021/12/21 23:25:02,1.277299,1.283744,1.29583
420,2021/12/21 23:30:02,1.28455,1.282939,1.292607
425,2021/12/21 23:35:02,1.282939,1.282939,1.291801
430,2021/12/21 23:40:02,1.274882,1.280522,1.281327
435,2021/12/21 23:45:02,1.279716,1.279716,1.290996
440,2021/12/21 23:50:02,1.283744,1.27891,1.287773
445,2021/12/21 23:55:02,1.278105,1.278105,1.29019
450,2021/12/22 00:00:02,1.279716,1.278105,1.287773
455,2021/12/22 00:05:02,1.27891,1.278105,1.287773
460,2021/12/22 00:10:02,1.274882,1.274882,1.286967
465,2021/12/22 00:15:02,1.274882,1.273271,1.286162
470,2021/12/22 00:20:02,1.272465,1.274076,1.285356
475,2021/12/22 00:25:02,1.274076,1.272465,1.282939
480,2021/12/22 00:30:02,1.272465,1.276493,1.283744
485,2021/12/22 00:35:02,1.274076,1.271659,1.282133
490,2021/12/22 00:40:02,1.270854,1.270854,1.273271
495,2021/12/22 00:45:02,1.271659,1.268437,1.281327
500,2021/12/22 00:50:02,1.270048,1.268437,1.280522
505,2021/12/22 00:55:02,1.268437,1.268437,1.27891
510,2021/12/22 01:00:02,1.268437,1.268437,1.27891
515,2021/12/22 01:05:02,1.259574,1.270854,1.278105
520,2021/12/22 01:10:02,1.266825,1.26602,1.276493
525,2021/12/22 01:15:02,1.268437,1.26602,1.277299
530,2021/12/22 01:20:02,1.265214,1.264408,1.276493
535,2021/12/22 01:25:02,1.264408,1.264408,1.274076
540,2021/12/22 01:30:02,1.263603,1.266825,1.264408
545,2021/12/22 01:35:02,1.263603,1.263603,1.27891
550,2021/12/22 01:40:02,1.261991,1.263603,1.272465
555,2021/12/22 01:45:02,1.261186,1.261186,1.272465
560,2021/12/22 01:50:02,1.261186,1.26038,1.271659
565,2021/12/22 01:55:02,1.26038,1.26038,1.273271
570,2021/12/22 02:00:02,1.261186,1.259574,1.270048
575,2021/12/22 02:05:02,1.259574,1.257963,1.269242
580,2021/12/22 02:10:02,1.258769,1.257963,1.270854
585,2021/12/22 02:15:02,1.257157,1.255546,1.267631
590,2021/12/22 02:20:02,1.257963,1.257157,1.269242
595,2021/12/22 02:25:02,1.255546,1.245072,1.26602
600,2021/12/22 02:30:02,1.25474,1.253935,1.268437
605,2021/12/22 02:35:02,1.253129,1.253935,1.265214
610,2021/12/22 02:40:02,1.25474,1.245878,1.264408
615,2021/12/22 02:45:02,1.253129,1.244266,1.267631
620,2021/12/22 02:50:02,1.252323,1.265214,1.264408
625,2021/12/22 02:55:02,1.252323,1.251517,1.261991
630,2021/12/22 03:00:02,1.251517,1.249906,1.261186
635,2021/12/22 03:05:02,1.251517,1.2491,1.261991
640,2021/12/22 03:10:02,1.248295,1.248295,1.259574
645,2021/12/22 03:15:02,1.2491,1.252323,1.261186
650,2021/12/22 03:20:02,1.2491,1.248295,1.264408
655,2021/12/22 03:25:02,1.247489,1.251517,1.258769
660,2021/12/22 03:30:02,1.245878,1.248295,1.258769
665,2021/12/22 03:35:02,1.248295,1.245878,1.257157
670,2021/12/22 03:40:02,1.245878,1.245878,1.257157
675,2021/12/22 03:45:02,1.245878,1.245072,1.25474
680,2021/12/22 03:50:02,1.250712,1.244266,1.246683
685,2021/12/22 03:55:02,1.245878,1.244266,1.25474
690,2021/12/22 04:00:02,1.245072,1.244266,1.253935
695,2021/12/22 04:05:02,1.242655,1.244266,1.25474
700,2021/12/22 04:10:02,1.241849,1.241849,1.253129
705,2021/12/22 04:15:02,1.242655,1.245072,1.253129
710,2021/12/22 04:20:02,1.241044,1.241044,1.252323
715,2021/12/22 04:25:02,1.241044,1.241044,1.251517
720,2021/12/22 04:30:02,1.239432,1.239432,1.252323
725,2021/12/22 04:35:02,1.241044,1.240238,1.250712
730,2021/12/22 04:40:02,1.240238,1.240238,1.250712
735,2021/12/22 04:45:02,1.242655,1.238627,1.248295
740,2021/12/22 04:50:02,1.239432,1.241044,1.248295
745,2021/12/22 04:55:02,1.240238,1.236965,1.2491
750,2021/12/22 05:00:02,1.236965,1.236965,1.247489
755,2021/12/22 05:05:02,1.241044,1.236965,1.246683
760,2021/12/22 05:10:02,1.237821,1.236965,1.247489
765,2021/12/22 05:15:02,1.238627,1.236965,1.246683
770,2021/12/22 05:20:02,1.236965,1.238627,1.245878
775,2021/12/22 05:25:02,1.236965,1.238627,1.245878
780,2021/12/22 05:30:02,1.236965,1.236965,1.26038
785,2021/12/22 05:35:02,1.237821,1.236965,1.245072
790,2021/12/22 05:40:02,1.236965,1.236965,1.245072
795,2021/12/22 05:45:02,1.236965,1.236965,1.242655
800,2021/12/22 05:50:02,1.236965,1.236965,1.242655
805,2021/12/22 05:55:02,1.236965,1.236965,1.241849
810,2021/12/22 06:00:02,1.236965,1.236965,1.241044
815,2021/12/22 06:05:02,1.236965,1.236159,1.242655
820,2021/12/22 06:10:02,1.236965,1.232937,1.241044
825,2021/12/22 06:15:02,1.236965,1.235354,1.239432
830,2021/12/22 06:20:02,1.227297,1.236965,1.241044
835,2021/12/22 06:25:02,1.241849,1.236159,1.236159
840,2021/12/22 06:30:02,1.227297,1.226491,1.237821
845,2021/12/22 06:35:02,1.233742,1.235354,1.253935
850,2021/12/22 06:40:02,1.235354,1.236965,1.237821
855,2021/12/22 06:45:02,1.234548,1.234548,1.236965
860,2021/12/22 06:50:02,1.232937,1.233742,1.237821
865,2021/12/22 06:55:02,1.234548,1.232937,1.236965
870,2021/12/22 07:00:02,1.233742,1.234548,1.236965
875,2021/12/22 07:05:02,1.232937,1.232131,1.237821
880,2021/12/22 07:10:02,1.236965,1.233742,1.236965
885,2021/12/22 07:15:02,1.232937,1.234548,1.236965
890,2021/12/22 07:20:02,1.232131,1.232131,1.236965
895,2021/12/22 07:25:02,1.232937,1.231325,1.236965
900,2021/12/22 07:30:02,1.235354,1.231325,1.236965
905,2021/12/22 07:35:02,1.236159,1.231325,1.236965
910,2021/12/22 07:40:02,1.233742,1.223268,1.236965
915,2021/12/22 07:45:02,1.232131,1.229714,1.236965
920,2021/12/22 07:50:02,1.231325,1.228908,1.236965
925,2021/12/22 07:55:02,1.229714,1.231325,1.236965
930,2021/12/22 08:00:02,1.231325,1.229714,1.236965
935,2021/12/22 08:05:02,1.221657,1.228908,1.236965
940,2021/12/22 08:10:02,1.231325,1.227297,1.236965
945,2021/12/22 08:15:02,1.229714,1.228908,1.236965
950,2021/12/22 08:20:02,1.221657,1.232131,1.236965
955,2021/12/22 08:25:02,1.232131,1.229714,1.236965
960,2021/12/22 08:30:02,1.236965,1.227297,1.236965
965,2021/12/22 08:35:02,1.228102,1.227297,1.236965
970,2021/12/22 08:40:02,1.227297,1.226491,1.228908
975,2021/12/22 08:45:02,1.22488,1.226491,1.236159
980,2021/12/22 08:50:02,1.226491,1.226491,1.235354
985,2021/12/22 08:55:02,1.225685,1.222463,1.236159
990,2021/12/22 09:00:02,1.22488,1.225685,1.236159
995,2021/12/22 09:05:02,1.22488,1.223268,1.227297
1000,2021/12/22 09:10:02,1.224074,1.223268,1.235354
1005,2021/12/22 09:15:02,1.223268,1.223268,1.236159
1010,2021/12/22 09:20:02,1.222463,1.223268,1.233742
1015,2021/12/22 09:25:02,1.221657,1.223268,1.232937
1020,2021/12/22 09:30:02,1.220851,1.221657,1.234548
1025,2021/12/22 09:35:02,1.222463,1.222463,1.232937
1030,2021/12/22 09:40:02,1.220046,1.222463,1.232937
1035,2021/12/22 09:45:02,1.214406,1.222463,1.232937
1040,2021/12/22 09:50:02,1.220851,1.21924,1.232937
1045,2021/12/22 09:55:02,1.220851,1.200709,1.253129
1050,2021/12/22 10:00:02,1.221657,1.220046,1.231325
1055,2021/12/22 10:05:02,1.220046,1.21924,1.232131
1060,2021/12/22 10:10:02,1.21924,1.220046,1.229714
1065,2021/12/22 10:15:02,1.224074,1.218434,1.231325
1070,2021/12/22 10:20:02,1.218434,1.21924,1.229714
1075,2021/12/22 10:25:02,1.218434,1.216017,1.229714
1080,2021/12/22 10:30:02,1.218434,1.208766,1.229714
1085,2021/12/22 10:35:03,1.218434,1.216017,1.228102
1090,2021/12/22 10:40:03,1.218434,1.216823,1.227297
1095,2021/12/22 10:45:03,1.220046,1.216823,1.232131
1100,2021/12/22 10:50:03,1.216017,1.216017,1.228102
1105,2021/12/22 10:55:03,1.209572,1.216823,1.236965
1110,2021/12/22 11:00:03,1.209572,1.236965,1.227297
1115,2021/12/22 11:05:03,1.220046,1.215212,1.227297
1120,2021/12/22 11:10:03,1.215212,1.207961,1.226491
1125,2021/12/22 11:15:03,1.215212,1.215212,1.216823
1130,2021/12/22 11:20:03,1.214406,1.2136,1.225685
1135,2021/12/22 11:25:03,1.2136,1.214406,1.225685
1140,2021/12/22 11:30:03,1.214406,1.214406,1.22488
1145,2021/12/22 11:35:03,1.212795,1.214406,1.22488
1150,2021/12/22 11:40:03,1.212795,1.211989,1.224074
1155,2021/12/22 11:45:03,1.216823,1.214406,1.226491
1160,2021/12/22 11:50:03,1.211989,1.212795,1.222463
1165,2021/12/22 11:55:03,1.211183,1.210378,1.223268
1170,2021/12/22 12:00:03,1.211183,1.210378,1.221657
1175,2021/12/22 12:05:03,1.210378,1.210378,1.221657
1180,2021/12/22 12:10:03,1.209572,1.209572,1.220851
1185,2021/12/22 12:15:03,1.208766,1.211989,1.220851
1190,2021/12/22 12:20:03,1.209572,1.209572,1.221657
1195,2021/12/22 12:25:03,1.209572,1.207961,1.226491
1200,2021/12/22 12:30:03,1.207961,1.202321,1.22488
1205,2021/12/22 12:35:03,1.207961,1.207961,1.220046
1210,2021/12/22 12:40:03,1.209572,1.207961,1.220046
1215,2021/12/22 12:45:03,1.207155,1.207155,1.222463
1220,2021/12/22 12:50:03,1.206349,1.207155,1.21924
1225,2021/12/22 12:55:03,1.206349,1.206349,1.220046
1230,2021/12/22 13:00:03,1.206349,1.205544,1.216823
1235,2021/12/22 13:05:03,1.203932,1.196681,1.216823
1240,2021/12/22 13:10:03,1.207155,1.205544,1.220851
1245,2021/12/22 13:15:03,1.209572,1.209572,1.216017
1250,2021/12/22 13:20:03,1.197487,1.203932,1.216017
1255,2021/12/22 13:25:03,1.203932,1.204738,1.216823
1260,2021/12/22 13:30:03,1.203127,1.203127,1.215212
1265,2021/12/22 13:35:03,1.195875,1.207961,1.207961
1270,2021/12/22 13:40:03,1.202321,1.207961,1.215212
1275,2021/12/22 13:45:03,1.202321,1.202321,1.215212
1280,2021/12/22 13:50:03,1.202321,1.201515,1.214406
1285,2021/12/22 13:55:03,1.201515,1.203932,1.214406
1290,2021/12/22 14:00:03,1.200709,1.199904,1.212795
1295,2021/12/22 14:05:03,1.201515,1.191847,1.211989
1300,2021/12/22 14:10:03,1.200709,1.199904,1.211989
1305,2021/12/22 14:15:03,1.198292,1.199904,1.211183
1310,2021/12/22 14:20:03,1.200709,1.199904,1.203127
1315,2021/12/22 14:25:03,1.199904,1.203932,1.210378
1320,2021/12/22 14:30:03,1.197487,1.191041,1.210378
1325,2021/12/22 14:35:03,1.198292,1.199904,1.214406
1330,2021/12/22 14:40:03,1.199098,1.18943,1.210378
1335,2021/12/22 14:45:03,1.197487,1.197487,1.209572
1340,2021/12/22 14:50:03,1.198292,1.196681,1.208766
1345,2021/12/22 14:55:03,1.196681,1.196681,1.208766
1350,2021/12/22 15:00:03,1.196681,1.195875,1.208766
1355,2021/12/22 15:05:03,1.195875,1.195875,1.209572
1360,2021/12/22 15:10:03,1.19507,1.196681,1.207961
1365,2021/12/22 15:15:03,1.187013,1.191041,1.207155
1370,2021/12/22 15:20:03,1.193458,1.19507,1.207155
1375,2021/12/22 15:25:03,1.195875,1.19507,1.207155
1380,2021/12/22 15:30:03,1.195875,1.193458,1.207155
1385,2021/12/22 15:35:03,1.194264,1.184596,1.206349
1390,2021/12/22 15:40:03,1.191041,1.19507,1.207155
1395,2021/12/22 15:45:03,1.194264,1.185402,1.207961
1400,2021/12/22 15:50:03,1.191041,1.192653,1.208766
1405,2021/12/22 15:55:03,1.192653,1.192653,1.203932
1410,2021/12/22 16:00:03,1.191041,1.18379,1.206349
1415,2021/12/22 16:05:03,1.191041,1.18379,1.203932
1420,2021/12/22 16:10:03,1.190236,1.193458,1.203932
1425,2021/12/22 16:15:03,1.203127,1.191041,1.203932
1430,2021/12/22 16:20:03,1.190236,1.190236,1.203127
1435,2021/12/22 16:25:03,1.18943,1.190236,1.203127
1440,2021/12/22 16:30:03,1.210378,1.211989,1.22488
1445,2021/12/22 16:35:03,1.2136,1.210378,1.216017
1450,2021/12/22 16:40:03,1.209572,1.210378,1.224074
1455,2021/12/22 16:45:03,1.209572,1.209572,1.223268
1460,2021/12/22 16:50:03,1.211989,1.208766,1.222463
1465,2021/12/22 16:55:03,1.207155,1.207155,1.222463
1470,2021/12/22 17:00:03,1.209572,1.199098,1.220851
1475,2021/12/22 17:05:03,1.207155,1.207961,1.223268
1480,2021/12/22 17:10:03,1.205544,1.207155,1.220851
1485,2021/12/22 17:15:03,1.208766,1.205544,1.218434
1490,2021/12/22 17:20:03,1.203932,1.200709,1.21924
1495,2021/12/22 17:25:03,1.203127,1.203932,1.218434
1500,2021/12/22 17:30:03,1.202321,1.205544,1.218434
1505,2021/12/22 17:35:03,1.203127,1.203932,1.216823
1510,2021/12/22 17:40:03,1.202321,1.203127,1.216823
1515,2021/12/22 17:45:03,1.19507,1.202321,1.216823
1520,2021/12/22 17:50:03,1.201515,1.203127,1.216017
1525,2021/12/22 17:55:03,1.201515,1.201515,1.216017
1530,2021/12/22 18:00:03,1.200709,1.201515,1.215212
1535,2021/12/22 18:05:03,1.200709,1.202321,1.215212
1540,2021/12/22 18:10:03,1.199904,1.199904,1.214406
1545,2021/12/22 18:15:03,1.202321,1.199904,1.2136
1550,2021/12/22 18:20:03,1.197487,1.199904,1.2136
1555,2021/12/22 18:25:03,1.198292,1.196681,1.216823
1560,2021/12/22 18:30:03,1.196681,1.196681,1.211989
1565,2021/12/22 18:35:03,1.195875,1.203127,1.212795
1570,2021/12/22 18:40:03,1.197487,1.18943,1.210378
1575,2021/12/22 18:45:03,1.19507,1.195875,1.211183
1580,2021/12/22 18:50:03,1.193458,1.195875,1.209572
1585,2021/12/22 18:55:03,1.193458,1.194264,1.209572
1590,2021/12/22 19:00:03,1.186207,1.199098,1.211989
1595,2021/12/22 19:05:03,1.191041,1.197487,1.209572
1600,2021/12/22 19:10:03,1.192653,1.194264,1.208766
1605,2021/12/22 19:15:03,1.193458,1.191847,1.208766
1610,2021/12/22 19:20:03,1.191041,1.192653,1.209572
1615,2021/12/22 19:25:03,1.190236,1.191847,1.207155
1620,2021/12/22 19:30:03,1.191041,1.191041,1.205544
1625,2021/12/22 19:35:03,1.182179,1.182985,1.206349
1630,2021/12/22 19:40:03,1.18943,1.190236,1.203932
1635,2021/12/22 19:45:03,1.187013,1.190236,1.209572
1640,2021/12/22 19:50:03,1.188624,1.188624,1.203932
1645,2021/12/22 19:55:03,1.187013,1.188624,1.207961
1650,2021/12/22 20:00:03,1.187013,1.187819,1.197487
1655,2021/12/22 20:05:03,1.186207,1.187819,1.202321
1660,2021/12/22 20:10:03,1.186207,1.186207,1.203127
1665,2021/12/22 20:15:03,1.187819,1.186207,1.202321
1670,2021/12/22 20:20:03,1.177345,1.186207,1.200709
1675,2021/12/22 20:25:03,1.182985,1.184596,1.201515
1680,2021/12/22 20:30:03,1.186207,1.184596,1.201515
1685,2021/12/22 20:35:03,1.181373,1.18379,1.199904
1690,2021/12/22 20:40:03,1.181373,1.18379,1.199098
1695,2021/12/22 20:45:03,1.179762,1.181373,1.199098
1700,2021/12/22 20:50:03,1.182985,1.182985,1.199098
1705,2021/12/22 20:55:03,1.182985,1.182179,1.196681
1710,2021/12/22 21:00:03,1.179762,1.180568,1.198292
1715,2021/12/22 21:05:03,1.177345,1.180568,1.196681
1720,2021/12/22 21:10:03,1.178151,1.179762,1.195875
1725,2021/12/22 21:15:03,1.169288,1.179762,1.199904
1730,2021/12/22 21:20:03,1.175734,1.178151,1.195875
1735,2021/12/22 21:25:03,1.175734,1.177345,1.19507
1740,2021/12/22 21:30:03,1.174122,1.176539,1.194264
1745,2021/12/22 21:35:03,1.175734,1.180568,1.193458
1750,2021/12/22 21:40:03,1.171705,1.175734,1.193458
1755,2021/12/22 21:45:03,1.171705,1.174928,1.184596
1760,2021/12/22 21:50:03,1.1709,1.174928,1.196681
1765,2021/12/22 21:55:03,1.1709,1.173316,1.207155
1770,2021/12/22 22:00:03,1.1709,1.175734,1.191041
1775,2021/12/22 22:05:03,1.171705,1.173316,1.18943
1780,2021/12/22 22:10:03,1.169288,1.171705,1.194264
1785,2021/12/22 22:15:03,1.169288,1.174928,1.18943
1790,2021/12/22 22:20:03,1.166871,1.1709,1.188624
1795,2021/12/22 22:25:03,1.168482,1.181373,1.188624
1800,2021/12/22 22:30:03,1.168482,1.171705,1.188624
1805,2021/12/22 22:35:03,1.163648,1.168482,1.187013
1810,2021/12/22 22:40:03,1.16526,1.167677,1.187013
1815,2021/12/22 22:45:03,1.168482,1.166871,1.187013
1820,2021/12/22 22:50:03,1.164454,1.16526,1.186207
1825,2021/12/22 22:55:03,1.166871,1.166871,1.182985
1830,2021/12/22 23:00:03,1.161231,1.16526,1.184596
1835,2021/12/22 23:05:03,1.162037,1.164454,1.182985
1840,2021/12/22 23:10:03,1.15398,1.163648,1.187013
1845,2021/12/22 23:15:03,1.163648,1.176539,1.182179
1850,2021/12/22 23:20:03,1.158009,1.162843,1.181373
1855,2021/12/22 23:25:03,1.162037,1.160426,1.180568
1860,2021/12/22 23:30:03,1.157203,1.158814,1.179762
1865,2021/12/22 23:35:03,1.156397,1.158814,1.180568
1870,2021/12/22 23:40:03,1.156397,1.158814,1.178956
1875,2021/12/22 23:45:03,1.15398,1.156397,1.178151
1880,2021/12/22 23:50:03,1.152369,1.161231,1.176539
1885,2021/12/22 23:55:03,1.15398,1.156397,1.176539
1890,2021/12/23 00:00:03,1.151563,1.158814,1.174928
1895,2021/12/23 00:05:04,1.151563,1.154786,1.175734
1900,2021/12/23 00:10:04,1.15398,1.153175,1.174928
1905,2021/12/23 00:15:04,1.149146,1.15398,1.173316
1910,2021/12/23 00:20:04,1.149146,1.15398,1.174928
1915,2021/12/23 00:25:04,1.149952,1.152369,1.172511
1920,2021/12/23 00:30:04,1.147535,1.150758,1.172511
1925,2021/12/23 00:35:04,1.148341,1.151563,1.173316
1930,2021/12/23 00:40:04,1.145118,1.15398,1.171705
1935,2021/12/23 00:45:04,1.145118,1.149146,1.1709
1940,2021/12/23 00:50:04,1.137867,1.141089,1.1709
1945,2021/12/23 00:55:04,1.13545,1.149952,1.168482
1950,2021/12/23 01:00:04,1.142701,1.146729,1.169288
1955,2021/12/23 01:05:04,1.141895,1.145923,1.168482
1960,2021/12/23 01:10:04,1.142701,1.145118,1.171705
1965,2021/12/23 01:15:04,1.132227,1.144312,1.167677
1970,2021/12/23 01:20:04,1.141089,1.143507,1.166871
1975,2021/12/23 01:25:04,1.137061,1.142701,1.167677
1980,2021/12/23 01:30:04,1.137061,1.156397,1.158814
1985,2021/12/23 01:35:04,1.136255,1.141895,1.162843
1990,2021/12/23 01:40:04,1.13545,1.139478,1.163648
1995,2021/12/23 01:45:04,1.133033,1.138672,1.162843
2000,2021/12/23 01:50:04,1.13545,1.137061,1.162037
2005,2021/12/23 01:55:04,1.132227,1.137061,1.162037
2010,2021/12/23 02:00:04,1.131421,1.137061,1.160426
2015,2021/12/23 02:05:04,1.130616,1.13545,1.160426
2020,2021/12/23 02:10:04,1.129004,1.134644,1.15962
2025,2021/12/23 02:15:04,1.126587,1.133033,1.157203
2030,2021/12/23 02:20:04,1.130616,1.130616,1.158009
2035,2021/12/23 02:25:04,1.12417,1.134644,1.155592
2040,2021/12/23 02:30:04,1.129004,1.131421,1.155592
2045,2021/12/23 02:35:04,1.123365,1.130616,1.156397
2050,2021/12/23 02:40:04,1.12417,1.128199,1.15398
2055,2021/12/23 02:45:04,1.120142,1.128199,1.15398
2060,2021/12/23 02:50:04,1.125782,1.127393,1.155592
2065,2021/12/23 02:55:04,1.118531,1.124976,1.151563
2070,2021/12/23 03:00:04,1.118531,1.124976,1.155592
2075,2021/12/23 03:05:04,1.116919,1.121753,1.151563
2080,2021/12/23 03:10:04,1.119336,1.122559,1.150758
2085,2021/12/23 03:15:04,1.115308,1.121753,1.149952
2090,2021/12/23 03:20:04,1.109668,1.121753,1.148341
2095,2021/12/23 03:25:04,1.112891,1.120142,1.145923
2100,2021/12/23 03:30:04,1.112891,1.119336,1.147535
2105,2021/12/23 03:35:04,1.111279,1.121753,1.147535
2110,2021/12/23 03:40:04,1.111279,1.117725,1.145923
2115,2021/12/23 03:45:04,1.109668,1.116919,1.143507
2120,2021/12/23 03:50:04,1.107251,1.115308,1.145118
2125,2021/12/23 03:55:04,1.110474,1.113696,1.142701
2130,2021/12/23 04:00:04,1.10564,1.113696,1.143507
2135,2021/12/23 04:05:04,1.104028,1.115308,1.141895
2140,2021/12/23 04:10:04,1.104028,1.110474,1.141895
2145,2021/12/23 04:15:04,1.103223,1.112085,1.141089
2150,2021/12/23 04:20:04,1.1,1.112891,1.139478
2155,2021/12/23 04:25:04,1.100806,1.098389,1.131421
2160,2021/12/23 04:30:04,1.099194,1.096777,1.137061
2165,2021/12/23 04:35:04,1.091138,1.10564,1.137061
2170,2021/12/23 04:40:04,1.097583,1.104028,1.136255
2175,2021/12/23 04:45:04,1.096777,1.104028,1.13545
2180,2021/12/23 04:50:04,1.092749,1.102417,1.132227
2185,2021/12/23 04:55:04,1.091943,1.099194,1.133033
2190,2021/12/23 05:00:04,1.092749,1.099194,1.131421
2195,2021/12/23 05:05:04,1.091138,1.097583,1.120947
2200,2021/12/23 05:10:04,1.083886,1.097583,1.131421
2205,2021/12/23 05:15:04,1.087109,1.1,1.12981
2210,2021/12/23 05:20:04,1.087109,1.086303,1.129004
2215,2021/12/23 05:25:04,1.097583,1.091943,1.128199
2220,2021/12/23 05:30:04,1.083886,1.096777,1.125782
2225,2021/12/23 05:35:04,1.083081,1.083081,1.126587
2230,2021/12/23 05:40:04,1.080664,1.091138,1.125782
2235,2021/12/23 05:45:04,1.082275,1.087915,1.125782
2240,2021/12/23 05:50:04,1.083081,1.087915,1.123365
2245,2021/12/23 05:55:04,1.077441,1.087109,1.122559
2250,2021/12/23 06:00:04,1.077441,1.085498,1.121753
2255,2021/12/23 06:05:04,1.076635,1.077441,1.120142
2260,2021/12/23 06:10:04,1.073413,1.083081,1.119336
2265,2021/12/23 06:15:04,1.075024,1.081469,1.117725
2270,2021/12/23 06:20:04,1.071801,1.079858,1.110474
2275,2021/12/23 06:25:04,1.070996,1.079858,1.117725
2280,2021/12/23 06:30:04,1.070996,1.077441,1.116919
2285,2021/12/23 06:35:04,1.071801,1.077441,1.115308
2290,2021/12/23 06:40:04,1.067773,1.075024,1.113696
2295,2021/12/23 06:45:04,1.057299,1.066162,1.112891
2300,2021/12/23 06:50:04,1.06455,1.073413,1.111279
2305,2021/12/23 06:55:04,1.063745,1.070996,1.110474
2310,2021/12/23 07:00:04,1.060522,1.061327,1.110474
2315,2021/12/23 07:05:04,1.060522,1.068579,1.108862
2320,2021/12/23 07:10:04,1.051659,1.070996,1.107251
2325,2021/12/23 07:15:04,1.056493,1.066162,1.10564
2330,2021/12/23 07:20:04,1.057299,1.065356,1.104028
2335,2021/12/23 07:25:04,1.053271,1.063745,1.104028
2340,2021/12/23 07:30:04,1.052465,1.062133,1.103223
2345,2021/12/23 07:35:04,1.050854,1.061327,1.100806
2350,2021/12/23 07:40:04,1.050854,1.059716,1.102417
2355,2021/12/23 07:45:04,1.049242,1.057299,1.102417
2360,2021/12/23 07:50:04,1.039574,1.055688,1.103223
2365,2021/12/23 07:55:04,1.047631,1.054076,1.096777
2370,2021/12/23 08:00:04,1.044408,1.053271,1.095972
2375,2021/12/23 08:05:04,1.047631,1.061327,1.09436
2380,2021/12/23 08:10:04,1.044408,1.051659,1.092749
2385,2021/12/23 08:15:04,1.044408,1.050854,1.091943
2390,2021/12/23 08:20:04,1.04038,1.050854,1.091138
2395,2021/12/23 08:25:04,1.041186,1.052465,1.091138
2400,2021/12/23 08:30:04,1.041186,1.046825,1.087915
2405,2021/12/23 08:35:04,1.039574,1.04602,1.087109
2410,2021/12/23 08:40:04,1.036352,1.044408,1.086303
2415,2021/12/23 08:45:04,1.04038,1.043603,1.084692
2420,2021/12/23 08:50:04,1.036352,1.041186,1.083886
2425,2021/12/23 08:55:04,1.033129,1.041186,1.082275
2430,2021/12/23 09:00:04,1.033934,1.041186,1.080664
2435,2021/12/23 09:05:04,1.046825,1.042797,1.079052
2440,2021/12/23 09:10:04,1.032323,1.037963,1.077441
2445,2021/12/23 09:15:04,1.031518,1.041186,1.079858
2450,2021/12/23 09:20:04,1.028244,1.02905,1.075024
2455,2021/12/23 09:25:04,1.026633,1.033934,1.07583
2460,2021/12/23 09:30:04,1.027439,1.033934,1.073413
2465,2021/12/23 09:35:04,1.025827,1.036352,1.072607
2470,2021/12/23 09:40:04,1.02341,1.032323,1.07019
2475,2021/12/23 09:45:04,1.022605,1.029856,1.068579
2480,2021/12/23 09:50:04,1.025022,1.029856,1.066162
2485,2021/12/23 09:55:04,1.021799,1.02905,1.065356
2490,2021/12/23 10:00:04,1.021799,1.027439,1.065356
2495,2021/12/23 10:05:04,1.018576,1.025827,1.06455
2500,2021/12/23 10:10:04,1.016159,1.025827,1.061327
2505,2021/12/23 10:15:04,1.016159,1.025022,1.052465
2510,2021/12/23 10:20:04,1.016159,1.02341,1.075024
2515,2021/12/23 10:25:04,1.016159,1.021799,1.05891
2520,2021/12/23 10:30:04,1.009714,1.020188,1.055688
2525,2021/12/23 10:35:04,1.009714,1.021799,1.055688
2530,2021/12/23 10:40:04,1.01052,1.018576,1.054882
2535,2021/12/23 10:45:04,1.007297,1.017771,1.052465
2540,2021/12/23 10:50:04,1.004074,1.016965,1.051659
2545,2021/12/23 10:55:04,1.003268,1.014548,1.050854
2550,2021/12/23 11:00:04,1.002463,1.012131,1.049242
2555,2021/12/23 11:05:04,1.000046,1.012131,1.047631
2560,2021/12/23 11:10:04,0.99924,1.012131,1.052465
2565,2021/12/23 11:15:04,0.9976287,1.002463,1.04602
2570,2021/12/23 11:20:04,0.996823,1.008103,1.04602
2575,2021/12/23 11:25:04,0.996823,1.006491,1.044408
2580,2021/12/23 11:30:04,0.9936003,1.006491,1.041186
2585,2021/12/23 11:35:04,0.9936003,1.00488,1.042797
2590,2021/12/23 11:40:04,0.9927946,1.003268,1.041186
2595,2021/12/23 11:45:04,0.989572,1.002463,1.04038
2600,2021/12/23 11:50:04,0.9871549,1.001657,1.04038
2605,2021/12/23 11:55:04,0.9879606,0.9903776,1.039574
2610,2021/12/23 12:00:04,0.9847379,0.99924,1.041186
2615,2021/12/23 12:05:04,0.9847379,0.9960174,1.04038
2620,2021/12/23 12:10:04,0.9823209,0.9944059,1.035546
2625,2021/12/23 12:15:04,0.9831265,0.9952117,1.03474
2630,2021/12/23 12:20:04,0.9799038,0.9936003,1.033934
2635,2021/12/23 12:25:04,0.9782925,0.9903776,1.02905
2640,2021/12/23 12:30:04,0.9774868,0.9887663,1.032323
2645,2021/12/23 12:35:04,0.974264,0.989572,1.030661
2650,2021/12/23 12:40:04,0.9718471,0.9879606,1.02905
2655,2021/12/23 12:45:04,0.9758755,0.9847379,1.032323
2660,2021/12/23 12:50:04,0.9694301,0.9847379,1.026633
2665,2021/12/23 12:55:04,0.9686243,0.9807095,1.027439
2670,2021/12/23 13:00:04,0.9710414,0.9815151,1.025827
2675,2021/12/23 13:05:04,0.9637903,0.9799038,1.021799
2680,2021/12/23 13:10:04,0.9637903,0.9782925,1.020993
2685,2021/12/23 13:15:04,0.9613732,0.9766811,1.020993
2690,2021/12/23 13:20:04,0.9605676,0.9750698,1.020188
2695,2021/12/23 13:25:04,0.9573449,0.974264,1.018576
2700,2021/12/23 13:30:04,0.9565392,0.9718471,1.016965
2705,2021/12/23 13:35:05,0.9541222,0.9694301,1.016159
2710,2021/12/23 13:40:05,0.9508995,0.9678186,1.015354
2715,2021/12/23 13:45:05,0.9508995,0.9678186,1.014548
2720,2021/12/23 13:50:05,0.9484824,0.9686243,1.012937
2725,2021/12/23 13:55:05,0.9452598,0.9807095,1.012131
2730,2021/12/23 14:00:05,0.9460654,0.9581506,1.009714
2735,2021/12/23 14:05:05,0.9436484,0.964596,1.008103
2740,2021/12/23 14:10:05,0.942037,0.9581506,1.007297
2745,2021/12/23 14:15:05,0.9388144,0.9557335,1.008908
2750,2021/12/23 14:20:05,0.9380087,0.9549278,1.006491
2755,2021/12/23 14:25:05,0.9339803,0.9533165,1.004074
2760,2021/12/23 14:30:05,0.9323689,0.9500938,1.003268
2765,2021/12/23 14:35:05,0.9299519,0.9500938,1.005685
2770,2021/12/23 14:40:05,0.9283405,0.9484824,0.9927946
2775,2021/12/23 14:45:05,0.9243122,0.9452598,1.000046
2780,2021/12/23 14:50:05,0.9267292,0.942037,0.9976287
2785,2021/12/23 14:55:05,0.9218951,0.9428427,0.9976287
2790,2021/12/23 15:00:05,0.9186725,0.9412313,1.000851
2795,2021/12/23 15:05:05,0.9138384,0.9388144,0.9936003
2800,2021/12/23 15:10:05,0.9130327,0.9380087,0.9871549
2805,2021/12/23 15:15:05,0.9009476,0.9259235,0.9911833
2810,2021/12/23 15:20:05,0.907393,0.9323689,0.989572
2815,2021/12/23 15:25:05,0.904976,0.9291462,0.9807095
2820,2021/12/23 15:30:05,0.9017532,0.9283405,0.9871549
2825,2021/12/23 15:35:05,0.8993362,0.9243122,0.9847379
2830,2021/12/23 15:40:05,0.8969192,0.9227008,0.9831265
2835,2021/12/23 15:45:05,0.8928908,0.9202838,0.9823209
2840,2021/12/23 15:50:05,0.8904737,0.917061,0.9799038
2845,2021/12/23 15:55:05,0.8904737,0.9162554,0.9774868
2850,2021/12/23 16:00:05,0.8832227,0.9122271,0.9774868
2855,2021/12/23 16:05:05,0.8816113,0.9106157,0.9750698
2860,2021/12/23 16:10:05,0.8791943,0.9090043,0.9750698
2865,2021/12/23 16:15:05,0.8751658,0.9041702,0.9726527
2870,2021/12/23 16:20:05,0.8751658,0.9025589,0.9702357
2875,2021/12/23 16:25:05,0.8663034,0.8993362,0.9694301
2880,2021/12/23 16:30:05,0.8663034,0.8888624,0.967013
2885,2021/12/23 16:35:05,0.8614694,0.8961135,0.964596
2890,2021/12/23 16:40:05,0.8590524,0.8920852,0.9637903
2895,2021/12/23 16:45:05,0.8542183,0.8880567,0.962179
2900,2021/12/23 16:50:05,0.852607,0.884834,0.9605676
2905,2021/12/23 16:55:05,0.8485785,0.8816113,0.9565392
2910,2021/12/23 17:00:05,0.8469672,0.8791943,0.9557335
2915,2021/12/23 17:05:05,0.8477729,0.8751658,0.9541222
2920,2021/12/23 17:10:05,0.8413275,0.8727489,0.9517052
2925,2021/12/23 17:15:05,0.8364934,0.8703319,0.9517052
2930,2021/12/23 17:20:05,0.8356877,0.8663034,0.9476768
2935,2021/12/23 17:25:05,0.8445502,0.8646921,0.9460654
2940,2021/12/23 17:30:05,0.8292423,0.8606637,0.9452598
2945,2021/12/23 17:35:05,0.8138842,0.8590524,0.9444541
2950,2021/12/23 17:40:05,0.8154955,0.8558296,0.937203
2955,2021/12/23 17:45:05,0.8211352,0.8534126,0.937203
2960,2021/12/23 17:50:05,0.8179125,0.8509956,0.9347859
2965,2021/12/23 17:55:05,0.8154955,0.8485785,0.93962
2970,2021/12/23 18:00:05,0.8122728,0.8477729,0.9299519
2975,2021/12/23 18:05:05,0.8090501,0.8429388,0.937203
2980,2021/12/23 18:10:05,0.8082444,0.8405218,0.9162554
2985,2021/12/23 18:15:05,0.8034103,0.8324651,0.9235065
2990,2021/12/23 18:20:05,0.8009933,0.8356877,0.9194781
2995,2021/12/23 18:25:05,0.7985763,0.8260197,0.9178668
3000,2021/12/23 18:30:05,0.7953536,0.830048,0.9154497
3005,2021/12/23 18:35:05,0.7937422,0.8284367,0.9122271
3010,2021/12/23 18:40:05,0.7816571,0.827631,0.9106157
3015,2021/12/23 18:45:05,0.7881025,0.8146898,0.9057817
3020,2021/12/23 18:50:05,0.7840741,0.8227466,0.9057817
3025,2021/12/23 18:55:05,0.7816571,0.8211352,0.907393
3030,2021/12/23 19:00:05,0.7784344,0.8187181,0.9001419
3035,2021/12/23 19:05:05,0.7760174,0.8163012,0.8961135
3040,2021/12/23 19:10:05,0.776823,0.8130785,0.884834
3045,2021/12/23 19:15:05,0.774406,0.8106614,0.8896681
3050,2021/12/23 19:20:05,0.7574868,0.8009933,0.8904737
3055,2021/12/23 19:25:05,0.7671549,0.8066331,0.8832227
3060,2021/12/23 19:30:05,0.7582925,0.804216,0.8799999
3065,2021/12/23 19:35:05,0.7550698,0.801799,0.8743602
3070,2021/12/23 19:40:05,0.7510414,0.8001877,0.8751658
3075,2021/12/23 19:45:05,0.7510414,0.7969649,0.8727489
3080,2021/12/23 19:50:05,0.744596,0.7937422,0.8703319
3085,2021/12/23 19:55:05,0.7397619,0.7913252,0.8679148
3090,2021/12/23 20:00:05,0.7365393,0.7913252,0.8654978
3095,2021/12/23 20:05:05,0.7341222,0.7881025,0.8614694
3100,2021/12/23 20:10:05,0.7292881,0.7848798,0.8590524
3105,2021/12/23 20:15:05,0.7260654,0.7824628,0.8582467
3110,2021/12/23 20:20:05,0.7204257,0.7808514,0.855024
3115,2021/12/23 20:25:05,0.7091462,0.7776287,0.852607
3120,2021/12/23 20:30:05,0.7123689,0.774406,0.8509956
3125,2021/12/23 20:35:05,0.7083405,0.7727947,0.8485785
3130,2021/12/23 20:40:05,0.7018951,0.7687663,0.8493842
3135,2021/12/23 20:45:05,0.6970611,0.7679606,0.8429388
3140,2021/12/23 20:50:05,0.692227,0.7639322,0.8413275
3145,2021/12/23 20:55:05,0.6865873,0.7607095,0.8389105
3150,2021/12/23 21:00:05,0.6809475,0.7510414,0.8372992
3155,2021/12/23 21:05:05,0.6769192,0.7558755,0.8348821
3160,2021/12/23 21:10:05,0.6696681,0.7558755,0.8316594
3165,2021/12/23 21:15:05,0.6656397,0.742179,0.8308537
3170,2021/12/23 21:20:05,0.6591943,0.7494301,0.8284367
3175,2021/12/23 21:25:05,0.6527489,0.7454017,0.8268253
3180,2021/12/23 21:30:05,0.6471091,0.7437903,0.8235522
3185,2021/12/23 21:35:05,0.6422751,0.7308995,0.8219409
3190,2021/12/23 21:40:05,0.6358297,0.7357336,0.8187181
3195,2021/12/23 21:45:05,0.6309957,0.7333165,0.8163012
3200,2021/12/23 21:50:05,0.6237445,0.7308995,0.8146898
3205,2021/12/23 21:55:05,0.6156374,0.7292881,0.8130785
3210,2021/12/23 22:00:05,0.604358,0.7172029,0.804216
3215,2021/12/23 22:05:05,0.606775,0.7155916,0.8106614
3220,2021/12/23 22:10:05,0.6003296,0.7131746,0.8122728
3225,2021/12/23 22:15:05,0.5954955,0.71962,0.7977706
3230,2021/12/23 22:20:05,0.5850217,0.7228427,0.8066331
3235,2021/12/23 22:25:05,0.5737423,0.7163973,0.8026047
3240,2021/12/23 22:30:05,0.5592401,0.7131746,0.8009933
3245,2021/12/23 22:35:05,0.5399038,0.7107575,0.799382
3250,2021/12/23 22:40:05,0.5117052,0.7075348,0.799382
3255,2021/12/23 22:45:05,0.4577249,0.7051178,0.7953536
3260,2021/12/23 22:50:05,0.3827466,0.7027008,0.7937422
3265,2021/12/23 22:55:05,0.2755916,0.7018951,0.7921309
3270,2021/12/23 23:00:05,0.2280568,0.6986724,0.7905195
3275,2021/12/23 23:05:05,0.1973907,0.694644,0.7832685
3280,2021/12/23 23:10:05,0.1772488,0.692227,0.7872968
3285,2021/12/23 23:15:05,0.1651637,0.6906157,0.7832685
3290,2021/12/23 23:20:05,0.1579125,0.6865873,0.7808514
3295,2021/12/23 23:25:05,0.1554955,0.6833646,0.7760174
3300,2021/12/23 23:30:05,0.1482444,0.6785305,0.7736003
3305,2021/12/23 23:35:05,0.1426047,0.6753078,0.7711833
3310,2021/12/23 23:40:05,0.1401877,0.6704738,0.7687663
3315,2021/12/23 23:45:05,0.1377707,0.6672511,0.7671549
3320,2021/12/23 23:50:05,0.139382,0.662417,0.7623209
3325,2021/12/23 23:55:05,0.1337423,0.6599999,0.7639322
3330,2021/12/24 00:00:05,0.1329366,0.6567773,0.7566812
3335,2021/12/24 00:05:05,0.1297139,0.6527489,0.7518471
3340,2021/12/24 00:10:05,0.1272969,0.6487205,0.7510414
3345,2021/12/24 00:15:05,0.1256855,0.6479148,0.747013
3350,2021/12/24 00:20:05,0.1240741,0.6406637,0.7454017
3355,2021/12/24 00:25:05,0.1232685,0.6366354,0.7413733
3360,2021/12/24 00:30:05,0.1232685,0.632607,0.7365393
3365,2021/12/24 00:35:05,0.1200458,0.6285786,0.7349279
3370,2021/12/24 00:40:05,0.1192401,0.6237445,0.7349279
3375,2021/12/24 00:45:05,0.1184344,0.6197162,0.7284825
3380,2021/12/24 00:50:05,0.1232685,0.6164431,0.7236485
3385,2021/12/24 00:55:05,0.1184344,0.604358,0.7236485
3390,2021/12/24 01:00:05,0.1184344,0.6108034,0.71962
3395,2021/12/24 01:05:05,0.1224628,0.609192,0.7204257
3400,2021/12/24 01:10:05,0.1184344,0.6059693,0.7139802
3405,2021/12/24 01:15:05,0.1176287,0.6051636,0.7123689
3410,2021/12/24 01:20:05,0.1176287,0.5914671,0.7091462
3415,2021/12/24 01:25:05,0.1176287,0.5963012,0.7043121
3420,2021/12/24 01:30:05,0.1152117,0.5890501,0.7051178
3425,2021/12/24 01:35:05,0.1168231,0.5858274,0.6986724
3430,2021/12/24 01:40:05,0.1160174,0.579382,0.694644
3435,2021/12/24 01:45:05,0.1168231,0.574548,0.68981
3440,2021/12/24 01:50:05,0.1192401,0.5681026,0.687393
3445,2021/12/24 01:55:05,0.114406,0.5616571,0.6801419
3450,2021/12/24 02:00:05,0.114406,0.5576287,0.6753078
3455,2021/12/24 02:05:05,0.1152117,0.5495719,0.6704738
3460,2021/12/24 02:10:05,0.1127947,0.5390982,0.664834
3465,2021/12/24 02:15:05,0.1127947,0.5302357,0.6599999
3470,2021/12/24 02:20:05,0.1136004,0.5197619,0.6559716
3475,2021/12/24 02:25:05,0.1136004,0.5084825,0.6559716
3480,2021/12/24 02:30:05,0.111989,0.494786,0.6479148
3485,2021/12/24 02:35:05,0.114406,0.4835065,0.6446921
3490,2021/12/24 02:40:05,0.111989,0.4649759,0.6382467
3495,2021/12/24 02:45:05,0.1127947,0.4488625,0.632607
3500,2021/12/24 02:50:05,0.1111833,0.4295262,0.6261616
3505,2021/12/24 02:55:05,0.114406,0.4117509,0.6277729
3510,2021/12/24 03:00:05,0.111989,0.3899977,0.6197162
3515,2021/12/24 03:05:06,0.1111833,0.3521309,0.6140261
3520,2021/12/24 03:10:06,0.111989,0.277203,0.6099977
3525,2021/12/24 03:15:06,0.1103777,0.2264454,0.6059693
3530,2021/12/24 03:20:06,0.1103777,0.1973907,0.6003296
3535,2021/12/24 03:25:06,0.1103777,0.1756374,0.5995239
3540,2021/12/24 03:30:06,0.1079606,0.1635523,0.5906615
3545,2021/12/24 03:35:06,0.1079606,0.1563012,0.5842161
3550,2021/12/24 03:40:06,0.1079606,0.1498558,0.576965
3555,2021/12/24 03:45:06,0.1200458,0.1450217,0.5713253
3560,2021/12/24 03:50:06,0.0990982,0.1401877,0.5664912
3565,2021/12/24 03:55:06,0.1055436,0.1385763,0.5552117
3570,2021/12/24 04:00:06,0.1079606,0.136965,0.5334584
3575,2021/12/24 04:05:06,0.1047379,0.1329366,0.5044541
3580,2021/12/24 04:10:06,0.1039322,0.1313252,0.4867292
3585,2021/12/24 04:15:06,0.1039322,0.1305196,0.4391943
3590,2021/12/24 04:20:06,0.1039322,0.1272969,0.4117509
3595,2021/12/24 04:25:06,0.1047379,0.1264912,0.3714671
3600,2021/12/24 04:30:06,0.1047379,0.1248798,0.2884825
3605,2021/12/24 04:35:06,0.1055436,0.1256855,0.24981
3610,2021/12/24 04:40:06,0.1039322,0.1216571,0.2216113
3615,2021/12/24 04:45:06,0.1039322,0.1240741,0.1998077
3620,2021/12/24 04:50:06,0.1039322,0.1232685,0.1869169
3625,2021/12/24 04:55:06,0.1039322,0.1240741,0.1780545
3630,2021/12/24 05:00:06,0.1007095,0.1200458,0.1716091
3635,2021/12/24 05:05:06,0.114406,0.1192401,0.1659693
3640,2021/12/24 05:10:06,0.1015152,0.1184344,0.1619409
3645,2021/12/24 05:15:06,0.1007095,0.1176287,0.1563012
3650,2021/12/24 05:20:06,0.09990387,0.1160174,0.1546898
3655,2021/12/24 05:25:06,0.1007095,0.1160174,0.1514671
3660,2021/12/24 05:30:06,0.09104142,0.1136004,0.1401877
3665,2021/12/24 05:35:06,0.0990982,0.1127947,0.1530785
3670,2021/12/24 05:40:06,0.09829252,0.1136004,0.1458274
3675,2021/12/24 05:45:06,0.09829252,0.111989,0.1434104
3680,2021/12/24 05:50:06,0.09748683,0.1111833,0.1409934
3685,2021/12/24 05:55:06,0.09668116,0.1111833,0.1409934
3690,2021/12/24 06:00:06,0.09668116,0.1103777,0.139382
3695,2021/12/24 06:05:06,0.09668116,0.109572,0.1377707
3700,2021/12/24 06:10:06,0.0950698,0.107155,0.1361593
3705,2021/12/24 06:15:06,0.09345845,0.107155,0.1345479
3710,2021/12/24 06:20:06,0.09345845,0.1063493,0.1337423
3715,2021/12/24 06:25:06,0.09265278,0.1063493,0.1313252
3720,2021/12/24 06:30:06,0.09345845,0.1063493,0.1297139
3725,2021/12/24 06:35:06,0.0918471,0.1079606,0.1200458
3730,2021/12/24 06:40:06,0.09023575,0.1079606,0.1289082
3735,2021/12/24 06:45:06,0.09104142,0.1039322,0.1256855
3740,2021/12/24 06:50:06,0.09265278,0.1031266,0.1240741
3745,2021/12/24 06:55:06,0.09265278,0.1007095,0.1248798
3750,2021/12/24 07:00:06,0.08862439,0.1047379,0.1272969
3755,2021/12/24 07:05:06,0.08862439,0.1007095,0.1224628
3760,2021/12/24 07:10:06,0.08862439,0.1007095,0.1240741
3765,2021/12/24 07:15:06,0.08781872,0.1015152,0.1208514
3770,2021/12/24 07:20:06,0.08781872,0.0990982,0.1200458
3775,2021/12/24 07:25:06,0.08781872,0.0990982,0.1184344
3780,2021/12/24 07:30:06,0.09104142,0.0990982,0.1176287
3785,2021/12/24 07:35:06,0.08701304,0.09829252,0.1192401
3790,2021/12/24 07:40:06,0.08781872,0.09104142,0.1184344
3795,2021/12/24 07:45:06,0.08781872,0.09829252,0.1184344
3800,2021/12/24 07:50:06,0.08701304,0.09990387,0.1192401
3805,2021/12/24 07:55:06,0.08781872,0.09829252,0.1184344
3810,2021/12/24 08:00:06,0.08620737,0.09829252,0.1184344
3815,2021/12/24 08:05:06,0.08862439,0.09990387,0.1176287
3820,2021/12/24 08:10:06,0.08701304,0.09668116,0.1176287
3825,2021/12/24 08:15:06,0.08701304,0.0990982,0.1152117
3830,2021/12/24 08:20:06,0.08540169,0.09829252,0.1168231
3835,2021/12/24 08:25:06,0.08540169,0.08862439,0.1168231
3840,2021/12/24 08:30:06,0.08459601,0.0990982,0.1160174
3845,2021/12/24 08:35:06,0.08459601,0.09748683,0.1160174
3850,2021/12/24 08:40:06,0.08379034,0.1015152,0.1192401
3855,2021/12/24 08:45:06,0.08379034,0.09668116,0.1168231
3860,2021/12/24 08:50:06,0.08459601,0.08781872,0.114406
3865,2021/12/24 08:55:06,0.08379034,0.09668116,0.1136004
3870,2021/12/24 09:00:06,0.08217898,0.0950698,0.1127947
3875,2021/12/24 09:05:06,0.08379034,0.09426413,0.1127947
3880,2021/12/24 09:10:06,0.08217898,0.109572,0.111989
3885,2021/12/24 09:15:06,0.08217898,0.0950698,0.1103777
3890,2021/12/24 09:20:06,0.08056764,0.09426413,0.111989
3895,2021/12/24 09:25:06,0.07331655,0.09426413,0.1152117
3900,2021/12/24 09:30:06,0.08137331,0.09587547,0.109572
3905,2021/12/24 09:35:06,0.08137331,0.09265278,0.1103777
3910,2021/12/24 09:40:06,0.07976195,0.09345845,0.1103777
3915,2021/12/24 09:45:06,0.08056764,0.09265278,0.109572
3920,2021/12/24 09:50:06,0.07895627,0.09265278,0.111989
3925,2021/12/24 09:55:06,0.0781506,0.09104142,0.1055436
3930,2021/12/24 10:00:06,0.07976195,0.0950698,0.1127947
3935,2021/12/24 10:05:06,0.07976195,0.09265278,0.1063493
3940,2021/12/24 10:10:06,0.08056764,0.09023575,0.1055436
3945,2021/12/24 10:15:06,0.07895627,0.08056764,0.09668116
3950,2021/12/24 10:20:06,0.08137331,0.0950698,0.1055436
3955,2021/12/24 10:25:06,0.07734492,0.09023575,0.1055436
3960,2021/12/24 10:30:06,0.0781506,0.09104142,0.1047379
3965,2021/12/24 10:35:06,0.0781506,0.09104142,0.1047379
3970,2021/12/24 10:40:06,0.08056764,0.09023575,0.1047379
3975,2021/12/24 10:45:06,0.07573357,0.09023575,0.1031266
3980,2021/12/24 10:50:06,0.07734492,0.09023575,0.1047379
3985,2021/12/24 10:55:06,0.0781506,0.08943007,0.1063493
3990,2021/12/24 11:00:06,0.07653925,0.09426413,0.09748683
3995,2021/12/24 11:05:06,0.07573357,0.09104142,0.1015152
4000,2021/12/24 11:10:06,0.07573357,0.08781872,0.1031266
4005,2021/12/24 11:15:06,0.0749279,0.08943007,0.1047379
4010,2021/12/24 11:20:06,0.07895627,0.08701304,0.1015152
4015,2021/12/24 11:25:06,0.07573357,0.07976195,0.09829252
4020,2021/12/24 11:30:06,0.07573357,0.08781872,0.09990387
4025,2021/12/24 11:35:06,0.0749279,0.08620737,0.09990387
4030,2021/12/24 11:40:06,0.0749279,0.08701304,0.1007095
4035,2021/12/24 11:45:06,0.07412222,0.08701304,0.0990982
4040,2021/12/24 11:50:06,0.07331655,0.08701304,0.09990387
4045,2021/12/24 11:55:06,0.0749279,0.07331655,0.0990982
4050,2021/12/24 12:00:06,0.07412222,0.08862439,0.09829252
4055,2021/12/24 12:05:06,0.07412222,0.08620737,0.0990982
4060,2021/12/24 12:10:06,0.0749279,0.07653925,0.09829252
4065,2021/12/24 12:15:06,0.0749279,0.08540169,0.09668116
4070,2021/12/24 12:20:06,0.08137331,0.08540169,0.09748683
4075,2021/12/24 12:25:06,0.07331655,0.08540169,0.09748683
4080,2021/12/24 12:30:06,0.07331655,0.08620737,0.09748683
4085,2021/12/24 12:35:06,0.0749279,0.08459601,0.09748683
4090,2021/12/24 12:40:06,0.07331655,0.08540169,0.09748683
4095,2021/12/24 12:45:06,0.07251087,0.08540169,0.09668116
4100,2021/12/24 12:50:06,0.07412222,0.08379034,0.09748683
4105,2021/12/24 12:55:06,0.07331655,0.07734492,0.09668116
4110,2021/12/24 13:00:06,0.07331655,0.08459601,0.0950698
4115,2021/12/24 13:05:06,0.07412222,0.08217898,0.09668116
4120,2021/12/24 13:10:06,0.07331655,0.08701304,0.08540169
4125,2021/12/24 13:15:06,0.07251087,0.07412222,0.09426413
4130,2021/12/24 13:20:06,0.07251087,0.08298466,0.09265278
4135,2021/12/24 13:25:06,0.07251087,0.08056764,0.09668116
4140,2021/12/24 13:30:06,0.07170519,0.08137331,0.09345845
4145,2021/12/24 13:35:06,0.07251087,0.07573357,0.09426413
4150,2021/12/24 13:40:06,0.07251087,0.08298466,0.09265278
4155,2021/12/24 13:45:06,0.07251087,0.08137331,0.0918471
4160,2021/12/24 13:50:06,0.07170519,0.08217898,0.0918471
4165,2021/12/24 13:55:06,0.07251087,0.07170519,0.09104142
4170,2021/12/24 14:00:06,0.07170519,0.08217898,0.0918471
4175,2021/12/24 14:05:06,0.07170519,0.08056764,0.09104142
4180,2021/12/24 14:10:06,0.07170519,0.07976195,0.0950698
4185,2021/12/24 14:15:06,0.07089952,0.08056764,0.08862439
4190,2021/12/24 14:20:06,0.07089952,0.08137331,0.08862439
4195,2021/12/24 14:25:06,0.07089952,0.07976195,0.08943007
4200,2021/12/24 14:30:06,0.07170519,0.07976195,0.08943007
4205,2021/12/24 14:35:06,0.06928816,0.08298466,0.0918471
4210,2021/12/24 14:40:06,0.07089952,0.0781506,0.08862439
4215,2021/12/24 14:45:06,0.07089952,0.0781506,0.09023575
4220,2021/12/24 14:50:06,0.07089952,0.07331655,0.0918471
4225,2021/12/24 14:55:06,0.06848249,0.07895627,0.08862439
4230,2021/12/24 15:00:06,0.06928816,0.0781506,0.09104142
4235,2021/12/24 15:05:06,0.07331655,0.0781506,0.0918471
4240,2021/12/24 15:10:06,0.06848249,0.0749279,0.08620737
4245,2021/12/24 15:15:06,0.06848249,0.07734492,0.08620737
4250,2021/12/24 15:20:06,0.06848249,0.07573357,0.07573357
4255,2021/12/24 15:25:06,0.06848249,0.06848249,0.08620737
4260,2021/12/24 15:30:06,0.07251087,0.07573357,0.08943007
4265,2021/12/24 15:35:06,0.06928816,0.07895627,0.08701304
4270,2021/12/24 15:40:06,0.07089952,0.0781506,0.08620737
4275,2021/12/24 15:45:06,0.06928816,0.07734492,0.09104142
4280,2021/12/24 15:50:06,0.07089952,0.07573357,0.08701304
4285,2021/12/24 15:55:06,0.06848249,0.07653925,0.08540169
4290,2021/12/24 16:00:06,0.06848249,0.06848249,0.08620737
4295,2021/12/24 16:05:06,0.06848249,0.07653925,0.08540169
4300,2021/12/24 16:10:06,0.06848249,0.06767681,0.08620737
4305,2021/12/24 16:15:06,0.06848249,0.07976195,0.08540169
4310,2021/12/24 16:20:06,0.06848249,0.07734492,0.08459601
4315,2021/12/24 16:25:07,0.06767681,0.07573357,0.08459601
4320,2021/12/24 16:30:07,0.06848249,0.07734492,0.08540169
4325,2021/12/24 16:35:07,0.06928816,0.07573357,0.08459601
4330,2021/12/24 16:40:07,0.06767681,0.0749279,0.08379034
4335,2021/12/24 16:45:07,0.07976195,0.07573357,0.08217898
4340,2021/12/24 16:50:07,0.06767681,0.0749279,0.08379034
4345,2021/12/24 16:55:07,0.06606546,0.0749279,0.08217898
4350,2021/12/24 17:00:07,0.06687114,0.07331655,0.08217898
4355,2021/12/24 17:05:07,0.06606546,0.07895627,0.08217898
4360,2021/12/24 17:10:07,0.06687114,0.07734492,0.07976195
4365,2021/12/24 17:15:07,0.05800869,0.07573357,0.08056764
4370,2021/12/24 17:20:07,0.06606546,0.07573357,0.07895627
4375,2021/12/24 17:25:07,0.06606546,0.07412222,0.08379034
4380,2021/12/24 17:30:07,0.06606546,0.07331655,0.07976195
4385,2021/12/24 17:35:07,0.06364843,0.07412222,0.0781506
4390,2021/12/24 17:40:07,0.06445411,0.07251087,0.07895627
4395,2021/12/24 17:45:07,0.06445411,0.07251087,0.08217898
4400,2021/12/24 17:50:07,0.06525979,0.07331655,0.07170519
4405,2021/12/24 17:55:07,0.06687114,0.07251087,0.07734492
4410,2021/12/24 18:00:07,0.06284276,0.07251087,0.08137331
4415,2021/12/24 18:05:07,0.06445411,0.07089952,0.07653925
4420,2021/12/24 18:10:07,0.06284276,0.07089952,0.07573357
4425,2021/12/24 18:15:07,0.06203708,0.07089952,0.07653925
4430,2021/12/24 18:20:07,0.06606546,0.07009384,0.07895627
4435,2021/12/24 18:25:07,0.06284276,0.07170519,0.0749279
4440,2021/12/24 18:30:07,0.06445411,0.06928816,0.0749279
4445,2021/12/24 18:35:07,0.05478599,0.06928816,0.06445411
4450,2021/12/24 18:40:07,0.06364843,0.06042572,0.0749279
4455,2021/12/24 18:45:07,0.06284276,0.06848249,0.07412222
4460,2021/12/24 18:50:07,0.0612314,0.06928816,0.07331655
4465,2021/12/24 18:55:07,0.0612314,0.06848249,0.07331655
4470,2021/12/24 19:00:07,0.0612314,0.06848249,0.07412222
4475,2021/12/24 19:05:07,0.0612314,0.07089952,0.07412222
4480,2021/12/24 19:10:07,0.0612314,0.06848249,0.06284276
4485,2021/12/24 19:15:07,0.06203708,0.06687114,0.07251087
4490,2021/12/24 19:20:07,0.05962005,0.07170519,0.07251087
4495,2021/12/24 19:25:07,0.06042572,0.06848249,0.07573357
4500,2021/12/24 19:30:07,0.0612314,0.06767681,0.06284276
4505,2021/12/24 19:35:07,0.0612314,0.06767681,0.07170519
4510,2021/12/24 19:40:07,0.05962005,0.06848249,0.07170519
4515,2021/12/24 19:45:07,0.05962005,0.06687114,0.07089952
4520,2021/12/24 19:50:07,0.06042572,0.06606546,0.07170519
4525,2021/12/24 19:55:07,0.05881437,0.06525979,0.07331655
4530,2021/12/24 20:00:07,0.0612314,0.06606546,0.07170519
4535,2021/12/24 20:05:07,0.05156329,0.06525979,0.07170519
4540,2021/12/24 20:10:07,0.0612314,0.06364843,0.07170519
4545,2021/12/24 20:15:07,0.05720302,0.06445411,0.07009384
4550,2021/12/24 20:20:07,0.05962005,0.06445411,0.07089952
4555,2021/12/24 20:25:07,0.05800869,0.06606546,0.07089952
4560,2021/12/24 20:30:07,0.05800869,0.06525979,0.06928816
4565,2021/12/24 20:35:07,0.05881437,0.06525979,0.06928816
4570,2021/12/24 20:40:07,0.05800869,0.06445411,0.06767681
4575,2021/12/24 20:45:07,0.05800869,0.06284276,0.06928816
4580,2021/12/24 20:50:07,0.05800869,0.06445411,0.06767681
4585,2021/12/24 20:55:07,0.06042572,0.06284276,0.06767681
4590,2021/12/24 21:00:07,0.05800869,0.0612314,0.06767681
4595,2021/12/24 21:05:07,0.05962005,0.06364843,0.06767681
4600,2021/12/24 21:10:07,0.05639734,0.06284276,0.06767681
4605,2021/12/24 21:15:07,0.05639734,0.06364843,0.06687114
4610,2021/12/24 21:20:07,0.0475349,0.06284276,0.06767681
4615,2021/12/24 21:25:07,0.05881437,0.05962005,0.07331655
4620,2021/12/24 21:30:07,0.05559167,0.06284276,0.07331655
4625,2021/12/24 21:35:07,0.04834058,0.06284276,0.06687114
4630,2021/12/24 21:40:07,0.05639734,0.06203708,0.06687114
4635,2021/12/24 21:45:07,0.05639734,0.06203708,0.06687114
4640,2021/12/24 21:50:07,0.05962005,0.06203708,0.06606546
4645,2021/12/24 21:55:07,0.05800869,0.0612314,0.06525979
4650,2021/12/24 22:00:07,0.05478599,0.06203708,0.06525979
4655,2021/12/24 22:05:07,0.05478599,0.06203708,0.06445411
4660,2021/12/24 22:10:07,0.05639734,0.06284276,0.05720302
4665,2021/12/24 22:15:07,0.05317464,0.05398031,0.06445411
4670,2021/12/24 22:20:07,0.05478599,0.06042572,0.06687114
4675,2021/12/24 22:25:07,0.05478599,0.06042572,0.06284276
4680,2021/12/24 22:30:07,0.05559167,0.0612314,0.06525979
4685,2021/12/24 22:35:07,0.05559167,0.0612314,0.06284276
4690,2021/12/24 22:40:07,0.05639734,0.0612314,0.06284276
4695,2021/12/24 22:45:07,0.04672923,0.0612314,0.06928816
4700,2021/12/24 22:50:07,0.05559167,0.0612314,0.06525979
4705,2021/12/24 22:55:07,0.05478599,0.0612314,0.06364843
4710,2021/12/24 23:00:07,0.05478599,0.0612314,0.06445411
4715,2021/12/24 23:05:07,0.05559167,0.06203708,0.06445411
4720,2021/12/24 23:10:07,0.05478599,0.0612314,0.06445411
4725,2021/12/24 23:15:07,0.05398031,0.0612314,0.06364843
4730,2021/12/24 23:20:07,0.05478599,0.06042572,0.06203708
4735,2021/12/24 23:25:07,0.05317464,0.05236897,0.06364843
4740,2021/12/24 23:30:07,0.05398031,0.0612314,0.06284276
4745,2021/12/24 23:35:07,0.05317464,0.0612314,0.06203708
4750,2021/12/24 23:40:07,0.05478599,0.06042572,0.06284276
4755,2021/12/24 23:45:07,0.05317464,0.06042572,0.05236897
4760,2021/12/24 23:50:07,0.05398031,0.0612314,0.06203708
4765,2021/12/24 23:55:07,0.05478599,0.05962005,0.06203708
